item,Person1,Person2,Person3
item1,5.096666666666667,5.096666666666667,5.096666666666667
item2,5.76,5.76,0.0
item3,0.0,24.995,24.995
total,10.856666666666666,35.85166666666667,30.09166666666667
